AB10 1AG,https://www.gassaferegister.co.uk/FindBusinessResults?ep=1xPOGK1AdTeDy4hfLti5Pz%252bldNfGa3qnWdpqIbuExJAac0sdSPsoyk5IvliB9pfAb05QzispzenhjKLpZs8HAZW7vvwsbk2ImksfSFTRIyKE%252bOK7K3ABIkL5NXPWTDV8zaNaO7ckYS65AxEQ%252ff1R%252bw%253d%253d
AB10 1AH,https://www.gassaferegister.co.uk/FindBusinessResults?ep=1xPOGK1AdTeDy4hfLti5PxrBEqe16k05PnhPlrvsEMS4OSbRWv6gYJ1eP1l49Tk6JEXU3W33lg9tVzjnni8ubD%252fsiWewYz4BWMyAnGpcgg2AiopDpOxVjp%252fcxRJ95FbsnCFGF4Z%252b2Mt5WMdP4nlpig%253d%253d
AB10 1AL,https://www.gassaferegister.co.uk/FindBusinessResults?ep=1xPOGK1AdTeDy4hfLti5P5%252fVl7DGVZQurVWr%252bLo%252fZsbbWVrNh470GUKOMMYp09wAzB21XUpou0CVcakZ66j47EaI4Ay9YdXYN5nkFvCpTodYnVFxEF79gO45DcFZfHD65nRiG2HZHSgEIvWXlUs9bg%253d%253d
AB10 1AF,https://www.gassaferegister.co.uk/FindBusinessResults?ep=1xPOGK1AdTeDy4hfLti5P1aTdQ4qPZ7lUAySFruHSaLC3SRs15%252fWdpvpR%252fqLjfWjYImmMRc0SMWx5eXGuzcpeS9x8gXSPSQ9X9ho9tEfDM%252bRZGKnqIaI2pjkmBH62thtn6%252f6d5GGtOtqxsg8ZByJEw%253d%253d
AB10 1AN,https://www.gassaferegister.co.uk/FindBusinessResults?ep=1xPOGK1AdTeDy4hfLti5P0sSuM8g%252foQ5Aq9NvWp6IBFhgjmJKYF35hhMUZAv%252bZNX2mjqywYjafrb4cjudPMD8sEAoc42iqGwQLt3YjVe%252fI%252bJRfiUHAKmPEfuW%252fyqYR4bqvAH8ZnjtEK7vlLjTAHM2A%253d%253d
AB10 1AP,https://www.gassaferegister.co.uk/FindBusinessResults?ep=1xPOGK1AdTeDy4hfLti5PxoB6fzOrH9Q7lSGBEtztMHDYa7Ydx50D7yspx1hyvo7xF1%252fdbDZOQFzrlq0I%252b%252bLVlfkAo3%252bAuSSgeLi1NcZrOk%252b99taZRU9YniyLtVOcLqCQ%252bj7fzZEcES6za05ddndig%253d%253d
AB10 1AQ,https://www.gassaferegister.co.uk/FindBusinessResults?ep=1xPOGK1AdTeDy4hfLti5P18osbkgq%252f10g3g7anhl2iHoBWR8mGbhAukbkPb0BJtyO5lqua5T5Hhvfl6HiXN5BzaUWdpHOTVqXZikBHYDQiBUJb2X7i3a4TmS0EJ3h00k26IxWfx5L9KUAsv5U1SrLA%253d%253d
AB10 1AR,https://www.gassaferegister.co.uk/FindBusinessResults?ep=1xPOGK1AdTeDy4hfLti5P8CxI1esaH1zEg1LElUzIQFgs8I1ijWmtapare5Nuc79eI3cx2Si9482xIjQyLaRiUQ2gjSRGtprUohEWqLuocBr470vIuN4tj4fM1WCoJTz2I7YYC6mgAiz2dKZDs%252b0gg%253d%253d
AB10 1AS,https://www.gassaferegister.co.uk/FindBusinessResults?ep=1xPOGK1AdTeDy4hfLti5P7x%252foAP56s%252biXKtIR7lsDU3UGg9p4yyuLtVbnsTziE9eGFuDCpK%252fHoM1pH%252fwk90KQm5i482ugb%252fLtlryjx3oQlxdTGRDb6hwCbcOMirBI7sbOIhNXlMJRj5l0EhhdTHnHg%253d%253d
AB10 1AU,https://www.gassaferegister.co.uk/FindBusinessResults?ep=1xPOGK1AdTeDy4hfLti5P18VNocOYjoWuFCNe2YjnxcG3%252b8MJCROeIkeGs7wU57hsYfyXzbI7A5VHXMVUPDVPtgPy3f09FCafkQ6y9ffv2MzQzTJWkRY3fc9f%252frlCDMumYQCONqTYGM0pjfJCtGaaA%253d%253d
AB10 1AW,https://www.gassaferegister.co.uk/FindBusinessResults?ep=1xPOGK1AdTeDy4hfLti5P1Cbt0yLRSD0ILAvaXi4WSs5RSCSXpnQd%252fabbWdGTYC0sYbaIZEaRAht6%252fjupVUZc56JF0vAl6EVXtBE9WASC46NSavE6Ir3ZXU44sH6deib%252bdanlHYsucF352tLh7Q7dQ%253d%253d
AB10 1AX,https://www.gassaferegister.co.uk/FindBusinessResults?ep=1xPOGK1AdTeDy4hfLti5P1eG2o8qTb3cYKLhY3jSCRP%252fkHVx0IN3%252bd0pCJUqEJ3SeCqgsZF%252fLi78vfGvD4Lo17P0lQlqFY7vYEp%252bW3zptcxnYNneYQdabzyLX%252fR%252fqCfkgt707dHiVVp62Lts06iuAQ%253d%253d
AB10 1BA,https://www.gassaferegister.co.uk/FindBusinessResults?ep=1xPOGK1AdTeDy4hfLti5P5OPde0W4ZsPbqj1MVykB2hjhu1NkIyji%252bjd%252bTo25F%252fUEXpz7mTJbW5EMzOQXjXnh0G1gpP2HBrUHdSmEHvL28vyFL%252bFWWE47zSIDxvQe8XbxnN5oxqRkRgyjIIXAV60HA%253d%253d
AB10 1BB,https://www.gassaferegister.co.uk/FindBusinessResults?ep=1xPOGK1AdTeDy4hfLti5P87aVzra7sqaKRcZmQrmZVURNtXAWixBEdxmZWvRB%252fIzw6jpoIvjWFD6oW4%252bJ6FgtHdf62IhAutpQRmWpqik7CllC%252b3Qnt8Qg7T7Z5HNa3S0l4jpR2acMwVk6HZgwqKM9w%253d%253d
AB10 1BD,https://www.gassaferegister.co.uk/FindBusinessResults?ep=1xPOGK1AdTeDy4hfLti5P0nF0leay6OOCl0IqhCQfiQAEYmBq9Lw9kVJzjGdc8C3fJ4K%252b97FD2xNH6tUNuCbycWw6dAeFYY3UXQmCiLZfldsczZ7tH8SLjG%252fEuEog9%252btQbHbczX3pIEHdr3BejjAqQ%253d%253d
AB10 1BF,https://www.gassaferegister.co.uk/FindBusinessResults?ep=1xPOGK1AdTeDy4hfLti5P0GLq%252fig0vF%252fU6f%252bRm55%252b2%252beKIdtzdODFXdrB0x7%252bv17CZ6SDf870WOfwmOu82d3vTDMBFbY5XD8XNAkA54fn2EYolqN7ftkmRL6HoDSwWKfOJUmli6V34ZyAVEt%252bIDhiA%253d%253d
AB10 1BJ,https://www.gassaferegister.co.uk/FindBusinessResults?ep=1xPOGK1AdTeDy4hfLti5P%252bBgfOhubV2ypURRg8QZ%252bv781BhrtskuF14WnkYAx3UEsGogF8us4lW%252bFfMR%252fmdq9UF%252biwVNPvxwxxnI%252bNacnLoaLg%252bsjkBs9MBq1OhdpR%252fy1QlrST1LHNwzPX5VwLc%252fkw%253d%253d
AB10 1BL,https://www.gassaferegister.co.uk/FindBusinessResults?ep=1xPOGK1AdTeDy4hfLti5P4%252fBcY1XgBaoBx9ycwv68HmlTLov6HYgkrRcO%252frZV4NJjlCTT2viyTGSRbgtPPkLpy5RMf5LuUrEfGzbq%252bfgq0M2RW2Z87rTU0xoQs%252fKH0wKWlwfluekWdIe2gVozwpIoQ%253d%253d
AB10 1BQ,https://www.gassaferegister.co.uk/FindBusinessResults?ep=1xPOGK1AdTeDy4hfLti5P2uoFIJnXwud7lj0ulTsggSatX4Rb%252f4XoBlEBlW5Q2LtNCYUQI6xYsw0z8APhAT8z%252bUnkI%252ftTWbULlZAzddc30PEQkhXOOXgJ62ey%252ftkpDgfHVzrhNpmMjez6NS5U5oVCg%253d%253d
AB10 1BR,https://www.gassaferegister.co.uk/FindBusinessResults?ep=1xPOGK1AdTeDy4hfLti5P%252bLI8%252f2kyFfV2mL2rnjrYox2%252bjyrodY8UurRcjzitNZruEH6frYu6cIDByxbqNian3nmBD9PMMLD7xwveWK5fQKbePlQ1PhGyqjcCEmFFC7RLuyrld2r8oE5FSpxfS8M3g%253d%253d
AB10 1BS,https://www.gassaferegister.co.uk/FindBusinessResults?ep=1xPOGK1AdTeDy4hfLti5P6Zf4zYhNTWYrZcZAkuOvrPSsIFz5ae7wK68bPKYJW%252byJ6vcNEZom7%252bGMLX91bW360v134r2TZ7cxv2i59filC%252bSR9sb%252bkakQ1RkjqSW3453nepLbiMsgY7bAyDFeSgYwg%253d%253d
AB10 1BT,https://www.gassaferegister.co.uk/FindBusinessResults?ep=1xPOGK1AdTeDy4hfLti5P8nlp%252f64%252f00jzP6tXJAuW082eZzTmiixWwf%252fBdjKvSPCeGoMsVRfBuX7aJdiI%252bTKUbi0Jl%252fn2vtazEvg21fhQDMQnbR9BAJ68XkJ%252fcihuoQ%252fOuTHcIgocFtzeGVSg9Ny3w%253d%253d
AB10 1BU,https://www.gassaferegister.co.uk/FindBusinessResults?ep=1xPOGK1AdTeDy4hfLti5P95ErKqJyAO9Sv5v1CUM6JTH9PeX7vsH21BY%252bc0P1phw2Ty7%252b5Ur%252bfnlxyN%252f6Rf9vKEl2CKntDJgXF052zDgJWaiUCpfVm49qm7kuUBnwFaakabWmM3UsUV0JsDKJeb36A%253d%253d
AB10 1BW,https://www.gassaferegister.co.uk/FindBusinessResults?ep=1xPOGK1AdTeDy4hfLti5P29cBcCyeEf24%252fqTdLvPT%252bmnAcM%252bA9BRcp31UkirRaxRoNG43YAPsAhHPkgJ5uBNJsqimXZ7RhiS9gExOX5cwPQD%252fWSEi3MrFQvp94i%252fkAfvrHxRiI266w91HBc0pmucog%253d%253d
AB10 1BX,https://www.gassaferegister.co.uk/FindBusinessResults?ep=1xPOGK1AdTeDy4hfLti5P5CEb%252fHOFivL0aB30XVPV79dRpWruGzU4wyUIwZq5cDHSCTQy1W3jQxRUMlYC85wnq%252bNPX8phC4AJ8tHauvbAXXONoOHdi2TntisdU9AGOQsG2fDlct82nDxNTwnTLpykA%253d%253d
AB10 1BY,https://www.gassaferegister.co.uk/FindBusinessResults?ep=1xPOGK1AdTeDy4hfLti5PxrPWSEMniL%252fU%252b8RKmKqoGEeT8sIQX43gEXOpoMchm4vIdW9KhSn5oOVSvrYAQtSocH2%252bR78J9QYnX00Q9XL6x3BGuufnRBAkDWLeWZwsoTPhZV1wb66Q2tdbGcJbg8XTA%253d%253d
AB10 1BZ,https://www.gassaferegister.co.uk/FindBusinessResults?ep=1xPOGK1AdTeDy4hfLti5P%252fa4Fr%252bS%252bXPuP%252foIcjdXIG8XuZeNCCGTmktH1jUBA63BRs3OSRNlJ9QZwiYm6OvaqCwrbQKtUDiPG7vFQqtXRO9ZuMdS4RdjlaXMQgmsOLptNDG72m8TU%252fcB7RNcoy8WYQ%253d%253d
AB10 1DA,https://www.gassaferegister.co.uk/FindBusinessResults?ep=1xPOGK1AdTeDy4hfLti5P2PRhRFdXb%252bFvS1pVrixPEFOMnvYjK16jAdkMU8ZqfPk%252fYr5xc%252fOjO1FGWcz3EKOAFu4sIqn3jcw6pLCWrMY8fm6Wc0VcEFu8VKYzTP2Dq5LTidCMJuUgA%252bq%252b4OuImptPA%253d%253d
AB10 1DB,https://www.gassaferegister.co.uk/FindBusinessResults?ep=1xPOGK1AdTeDy4hfLti5P9cgGppRUPja5kK4CkQP%252bX7ewYumQwaWAHrmmaWWl0qY%252bc8CdvYteG75l7ucBahKHy%252fUr13quGYJThn0K%252bx%252b5aIm%252fSClmMbofI1MaTTFxMKBGx0gNttcwxksLYbSrwWTPw%253d%253d
AB10 1DD,https://www.gassaferegister.co.uk/FindBusinessResults?ep=1xPOGK1AdTeDy4hfLti5Px%252bzzd9vBL2pQuD%252fwCRC9ArZvRwQCbqEQtQ8YqoktlhSEK9%252bU4a%252bVeEEq5X%252bezeN66l6fhq90vBodRCf9Z4B5FfRFIRzVg14%252fwqflbS06PVv0t0W3brCDbITVDpo6KZ03g%253d%253d
AB10 1DF,https://www.gassaferegister.co.uk/FindBusinessResults?ep=1xPOGK1AdTeDy4hfLti5PxfN8YlMREyjlZoKiI3%252f4Qp7Xw9LBLEVSJEu2yEVFztwu5q0iff8i7fHaA%252fyeSpfz96zgX0cL0%252bp7J0%252b%252fwR%252fs0QPpTVZXFVCDY75Wz38RooKV4iMIx5%252btrPbPfqWbsQkoQ%253d%253d
AB10 1DH,https://www.gassaferegister.co.uk/FindBusinessResults?ep=1xPOGK1AdTeDy4hfLti5P3GhfLu6FFy3hb5jcSIq0XHNY1K9xwGUk2rk4%252b6c38U%252fT173YyB7G7TaSBmW92jS2Kq%252b9q1Z9WlGQjRPN6fN6xjFhVbdTvMYDZ7zSIEKEQPp59qDbWhlaqdUfxDNsYS%252bUA%253d%253d
AB10 1DQ,https://www.gassaferegister.co.uk/FindBusinessResults?ep=1xPOGK1AdTeDy4hfLti5P%252bR7PtoN0nmZnFK3LHCjEgviY69%252bacyzCDahXJpM2t%252b1GdjWILz39QjGeuvmbLLEpyy3XGrYdRI6n9wU5FJZ8xLqUO9JnsGN8pJwGX%252bzD%252bDoWHuU%252f9KFpUTY0kQm1CUDPQ%253d%253d
AB10 1FE,https://www.gassaferegister.co.uk/FindBusinessResults?ep=1xPOGK1AdTeDy4hfLti5PxaNIElPPt2mTSW3J4Qz3QVwrUhHA7D45PHpuZKf6u4TB%252fg0vAHqiW8e37L3kgREaofHWMZ1bVVNCK2dqdmY1JR39K9fzJTzcJ04Lnc9rBHDKhnB6VK04SmjCihUff0XPw%253d%253d
AB10 1FF,https://www.gassaferegister.co.uk/FindBusinessResults?ep=1xPOGK1AdTeDy4hfLti5PzXGISxDDdwFVWoJHuSOTsj3uaSWvRAdlIqreuJcgfL%252bewZU17dE2kaBYpECYvDcvpHN0hGR2Uly36k9c2%252fYa5Ermx7Jo3vPUIaDkF0zrj%252bhdnmmjzx3eSzBaApR1MchTw%253d%253d
AB10 1FG,https://www.gassaferegister.co.uk/FindBusinessResults?ep=1xPOGK1AdTeDy4hfLti5P%252f%252bTLLyJz%252bS5jVpyH4a2k2CLb9%252b9tkPHYhOJAzmycDYj%252fQa3%252f%252bRExK916X261J5hR5s3%252bJI2AG5oEA34tosAXlyoFeP5TO%252bhvfJABjw5lDtDIphORE%252b0Fs%252f6RycuA%252bGP%252bA%253d%253d
AB10 1FL,https://www.gassaferegister.co.uk/FindBusinessResults?ep=1xPOGK1AdTeDy4hfLti5P1wUBPMo7ZXc0e62TMgobX5qUN70cmnaIlpno%252fNBuHQCMj45TVco2tT7LPpvz22cmfTAYMAntWj8IPyHEzdd%252fhHPl0bFer0e59pVhOig07SvyP2kWOwJZ4on%252fvuaBjgsBA%253d%253d
AB10 1FQ,https://www.gassaferegister.co.uk/FindBusinessResults?ep=1xPOGK1AdTeDy4hfLti5PwOW9t%252frq85n6ns4xU%252bF4aPCU%252fqH0jFH4py7cZlBoWdlxQmG%252b%252fZQqnT41vEiuzgSRvmtis9aihN7TJJuyZcT8%252faK%252fijs7fanxwOEmuWTRN8AfKN3y%252fdI3%252fzcuInmAwN84w%253d%253d
AB10 1FR,https://www.gassaferegister.co.uk/FindBusinessResults?ep=1xPOGK1AdTeDy4hfLti5P83H85QkELfhKF6mgRa%252bM9ndGN0rVydngklM5M3rqJm0eB5SuWvTnf8PDvKSpqx9QSaC29%252b%252bsR7%252bcYybYwG4q2UefHFttJXPFodgC%252f7nSSEcGGHPyP3ey8pppZb0Vuvkqw%253d%253d
AB10 1FT,https://www.gassaferegister.co.uk/FindBusinessResults?ep=1xPOGK1AdTeDy4hfLti5P7SK6ZiuisVY9KFj6aubitqCNDovIto9I27CTJudJnOnNg3XfrkLM7vehn2xLtQD2ubpZlY2PMqqCx5HQtODkoEenehmI0VGc02ehWC%252bHobIUaAqFH%252fRkC5u%252bUzyKXtKKw%253d%253d
AB10 1FY,https://www.gassaferegister.co.uk/FindBusinessResults?ep=1xPOGK1AdTeDy4hfLti5P0EVkxgeq2jH8y%252fXrrfnDy9jjjJa5zzRGQol3VAeRTZRwCDHtgedzYJLA%252fYurMQV1MTCi76YzBhECeH9HHHd1GnGOGlhc544OKTwqRN%252fDpvSbCEi7om4oJ83qeaek1zA%252bQ%253d%253d
AB10 1GF,https://www.gassaferegister.co.uk/FindBusinessResults?ep=1xPOGK1AdTeDy4hfLti5P35TxnttO%252ffBQQat6cAK3Vq2yoJYkBpI7fkppcwj4OQ%252fhZxeUZBVz%252btajFN5SU%252fqbq0lQ29Ov3koMlePo%252banQsk%252ff3rT%252fanEPSr6uau90yPTJ3T7Quxs2898MZlaqLMm0w%253d%253d
AB10 1HA,https://www.gassaferegister.co.uk/FindBusinessResults?ep=1xPOGK1AdTeDy4hfLti5P58NKu5a5nye1BrDMJr3BFe9Qw%252fhyKrNwyIhVQLVLjW%252f6AI88MIY4vhbPdnlteYqNLYumKs32Q%252fcR0VMYwN6mEEtku7BGBsDMNPI8m4ZXsjjZu3k9D6EZM72mdvsyqANZw%253d%253d
AB10 1HE,https://www.gassaferegister.co.uk/FindBusinessResults?ep=1xPOGK1AdTeDy4hfLti5PwjtZkrxd7VbUzGVaAF8zratUP6plT%252f7NCob1q92U1svyxQGFSC9xhPTaVfqFOEqK9bDsZVim7krhwpRMyPzp9R6Gt5RaCK5XiJWNMONtpexbBNh9GFs5rAUdCswIvmLYQ%253d%253d
AB10 1HF,https://www.gassaferegister.co.uk/FindBusinessResults?ep=1xPOGK1AdTeDy4hfLti5P7Zfr0mKPUYm3IlUG4Ycc1H2oj625K5KC1CvxdjFgOZYuV09Ry78p%252b2ymh9WxadFvZnvoxzuLBVBFQWWmw%252bfTaZA1dmgYpNj13moUPrAwSME7Ztt7TVda2oxBfz%252fzOaHzg%253d%253d
AB10 1HH,https://www.gassaferegister.co.uk/FindBusinessResults?ep=1xPOGK1AdTeDy4hfLti5P2RbLhQLd%252b8fIVtF7rKv6tSrbAvwMIQsvSjxIPg%252frP2H4x3JhOYr%252fLVyd2a%252b78Lvw0y2ehY1VJWov4A99mdASewtmwoBWr%252bpwkSjVjRqsxprX6KFbwLTV08D%252fUWUCc1nCw%253d%253d
AB10 1HP,https://www.gassaferegister.co.uk/FindBusinessResults?ep=1xPOGK1AdTeDy4hfLti5P4i3B9CSZhSQbIhhhGEov1TSgRVjmVn6AJakursk%252fYL4p6zI9FcddXhAVFtHq6%252b9ttu7F32m96G0BXG7eIHkSfUzZG4tJKiRGLqXUhPwkIIcJmp1U6YrRCFwnLM8DS7skg%253d%253d
AB10 1HT,https://www.gassaferegister.co.uk/FindBusinessResults?ep=1xPOGK1AdTeDy4hfLti5P5jAVWxulXTdTAR8pPhlhPYhJ%252fmTIKYjXUbOwHuT0pYo8vevLjFpDZO9BvcNFiq8vaslS%252fFSS2fn%252bbfLArjp3JKG9paa0PozAN04NcCmSIallmh2v%252bnyEp%252bAmcAjnWM2PA%253d%253d
AB10 1HW,https://www.gassaferegister.co.uk/FindBusinessResults?ep=1xPOGK1AdTeDy4hfLti5P%252bgb7GDSrUGy9L%252fKBrOh9aAJUQqCU5KH1vU8Cl%252fE%252f%252fu4V9YXwvfzRxo4w3X6AxEyXf8iJUpvH8RwdP12YCmrEQuO6pzRu8iXEsq4KFHP97FKJBiCc%252bd%252fNQ8bUC1dk2fyfA%253d%253d
AB10 1JB,https://www.gassaferegister.co.uk/FindBusinessResults?ep=1xPOGK1AdTeDy4hfLti5P%252bicIRlgc5lPkYOOpjkIrVFURDR95gjWIq87Ic4SjXWndH6%252f5HhMoYAkMBfJ9%252bfqFjWuF3WAC1gSALTCKhAww3UzTqAceDJCuSPp2NTn3UrvlC7DVW9i7XwA0H%252bZ6nvtBg%253d%253d
AB10 1JD,https://www.gassaferegister.co.uk/FindBusinessResults?ep=1xPOGK1AdTeDy4hfLti5PwdgVv2P2%252f6UinZqzicZGtzivevjAHT2B8aEmlYaYiaNWiAd8WKyXvWpU3jFTclbmA3IU%252fGKYlXaJ4nf706ACfYf22J48bTXhx9jDWb9BvIlEWFSD%252b9RZC%252bsXmgFDk0qSQ%253d%253d
AB10 1JE,https://www.gassaferegister.co.uk/FindBusinessResults?ep=1xPOGK1AdTeDy4hfLti5P%252fDA0It2loSsPVyxcdgOshyS9ixUK9HD9fRHLktXCzIr5ilOYM87G3qXF%252f6aBSD%252f%252fOOZ3KSLTXNHaaEcnlyTRdZXPiB%252frNOCElCy3EKnFpJCoeDcQbzHkPRcMgs1iKHVcQ%253d%253d
AB10 1JF,https://www.gassaferegister.co.uk/FindBusinessResults?ep=1xPOGK1AdTeDy4hfLti5P%252bmjFPO%252fqKlXIBMFfu5N8G%252bRYj4OES7G3ZesuyMSdn8rCeKet7Z0O25QAZlKrDf1t1r9VZsVGPOLZgb4jtMnDsQr97NUg5I7zk1LxKgaVyA4bo7h37BaJ0FDMrgjXB7uww%253d%253d
AB10 1JG,https://www.gassaferegister.co.uk/FindBusinessResults?ep=1xPOGK1AdTeDy4hfLti5Pxevo4sBDdPc4Qi0JgrPvSkKkXe%252frhj%252fP0ZtNXkAX%252bUinHeLMG%252buNui%252fWO366v3zaRq8id0WARYw0GOW90FX2JJ%252b5iqDsEoR7P7gkNksiERYf0nsm%252bA2%252fdSe2CmQGGztuQ%253d%253d
AB10 1JH,https://www.gassaferegister.co.uk/FindBusinessResults?ep=1xPOGK1AdTeDy4hfLti5P%252b2CEnqzUaXWrBPLMmg3utlUBuI8VGZDVXEJZUPvgM3zGP9z4jeoyoOeZFxu4FIC0%252b049PbJ%252fRcIJnM1HOsL4JU%252fetcZraM6J9F%252fq1gTqm%252fur2EMNtp6sJbUszNu6YvKHA%253d%253d
AB10 1JJ,https://www.gassaferegister.co.uk/FindBusinessResults?ep=1xPOGK1AdTeDy4hfLti5P4a69TpKLe1QhkqonQulFawQpAF%252fq%252bUrsyzFmarx7fPYTrReNjMKMm%252bmx%252fmskKH4osAg%252bnpCc0t5RyvAzq%252bz5nXDIrYRBhKfREfWrlruKROs21TrnrGiYAUXJwesnjdQkw%253d%253d
AB10 1JL,https://www.gassaferegister.co.uk/FindBusinessResults?ep=1xPOGK1AdTeDy4hfLti5PylmNjUF5FWvQUZpWHRlw6q836xM8s8rK%252fQxb35fwrGKqWQNrq1S6olHPTVzPoYLo4GuaDEV2JHeehPYSoRsQ7RTr%252bkgM7dRjs%252f7efEBN%252fdhqLElmx1J%252f9khF0THQVZLfQ%253d%253d
AB10 1JN,https://www.gassaferegister.co.uk/FindBusinessResults?ep=1xPOGK1AdTeDy4hfLti5Px5ONzpXdmu1NZtAfWwXSk2YjEeC%252bgWSz8FM6f7XOBa8s%252bHg%252fssYXzRu2uKvcltjrOyCLKgd%252bMY9R0A5BtKNmpaWSWk8wpWBZcydLIg%252ffzvR67U8izen0ow%252f78zR1IkEKg%253d%253d
AB10 1JP,https://www.gassaferegister.co.uk/FindBusinessResults?ep=1xPOGK1AdTeDy4hfLti5PzYBuvCEzH75oEqOYqmP1KxVbNyJ30Sqts9H04AqJIdPNYv5SnY%252fbdwG%252bnNSMljEGSULPQOQZ5Yo0K7xitpD%252f9IBuuG5iljl7Nbn2TBDslom8RGiQDwTTrKDNthnp5VUEA%253d%253d
AB10 1JQ,https://www.gassaferegister.co.uk/FindBusinessResults?ep=1xPOGK1AdTeDy4hfLti5P49DUIX43KDbWvkZp4RRBTZYwdol1Qoy3jVh%252fUqUl3FAQ2YLCxWnPTzIaqhtkAg7M2%252bZ3eM1Komz9rN5i3gVpn4hD%252fTecSjlXfSuBHpqA%252b92fhE6EZ%252f5mFChv%252f0Ad8upmg%253d%253d
AB10 1JR,https://www.gassaferegister.co.uk/FindBusinessResults?ep=1xPOGK1AdTeDy4hfLti5P%252bZPXVuVRaDAaP00mrgcv9VqaVoXXVZI1uMQkV1LOz5IiC%252fH8gFlNa08HvPgM2cyM%252fdnCFMC8Rubm6cQTzx0ScboGsYBlBh%252bMSoAVrL46fWKc03K6QCWD1GOidRkK7%252b%252b0g%253d%253d
AB10 1JS,https://www.gassaferegister.co.uk/FindBusinessResults?ep=1xPOGK1AdTeDy4hfLti5P4VzEauzDucX0D4DOycl2UIXHvTcAPdew5y93V2qr6Wtpl9aBFumVaoyPlnFk%252fCBDPxTn3ZRiCkiznu4M031LYLGZIpETLmhJL16KNEvdg4DeDtbtEtSgJ4mtRGtWPGp3Q%253d%253d
AB10 1JT,https://www.gassaferegister.co.uk/FindBusinessResults?ep=1xPOGK1AdTeDy4hfLti5P28uDHJl7mRhOgsQsyowIHd3cegwtymQBrViFAmFqwIGU9q5jeOF6evnhZp09xvga2PvfBu%252bbSRVm1LTUlCQ8ghlHbMBz2SPOdnuDRTesWyGpcSBleOniQqMBNs4O5GOXA%253d%253d
AB10 1JU,https://www.gassaferegister.co.uk/FindBusinessResults?ep=1xPOGK1AdTeDy4hfLti5P654VZfTyUHbwWZJK3kmGVo59icDYHbGRFQDtYuulE6MPWs3GKtrfA7PHnVz%252bFNvuMqC%252bsp0RcudnQzFsejY1MJPRYNyGzAvGOu0lbSHUcXfu4oRZxHtaehBjE%252b6ax9uxg%253d%253d
AB10 1JX,https://www.gassaferegister.co.uk/FindBusinessResults?ep=1xPOGK1AdTeDy4hfLti5Pza8yvNjt6kPJvso1LKcS9s7frvq5udtfWnvD%252fX3Lc2%252bu6WQX0hxOsnJ5%252fxkOfmBNpxSA4iDZl8YW00%252bGEPnj7QpOQtNqwxEG6z0QNejUpvAoiSluV43zYOgyEbIe1UmJA%253d%253d
AB10 1QD,https://www.gassaferegister.co.uk/FindBusinessResults?ep=1xPOGK1AdTeDy4hfLti5P5sgibBP6gnhH4GVU%252b%252fLCCSpmQz7zQhEV%252b%252f3tON2d0sU5KWZTqJNfVePm9un4EK0G2nzILPK2ru6CfKB4EN9GIasI3tiACnBppN8EhWGDVgcRW54yAQCLBqndfQbz1NQ3Q%253d%253d
AB10 1RN,https://www.gassaferegister.co.uk/FindBusinessResults?ep=1xPOGK1AdTeDy4hfLti5P%252bqAw4wq43K3QWbZDME6X4YnrlexuIwFYlkd3uLi%252fDv95UqmeD8%252bAZQxXbr%252fRGE9LklW0rK6%252fp1Kevx3Cv0MJWtylhFVWUJ1scoxfGG%252f746JjRHlMPbf802bCnwiEDGGfQ%253d%253d
AB10 1RX,https://www.gassaferegister.co.uk/FindBusinessResults?ep=1xPOGK1AdTeDy4hfLti5P3MKEDtlu%252ffWhjDHtLGX0dnxS7fYF3KeX8GokQ4L7%252fd%252bHnuI7h32RqNAHTMb%252bzFzxpndJilNVdmPFC4DHyaPItBotSehqsck9EWsmGmZeDQz4APS5JBxq9bCVHeu%252fTdoWA%253d%253d
AB10 1SE,https://www.gassaferegister.co.uk/FindBusinessResults?ep=1xPOGK1AdTeDy4hfLti5P4uyqDEvl1cYfXdCgN%252fdX47%252bESUp1k5ZSA2IZnKbliIKFuq6m9dA3six%252fUa%252bSN8BGLrGsgFTkoljKAsjfWs4MafN1c28S0HsEu8JVyA7M02z7GISL6fUibkl6JEyvW5r4A%253d%253d
AB10 1SN,https://www.gassaferegister.co.uk/FindBusinessResults?ep=1xPOGK1AdTeDy4hfLti5Pz0seF4WkjPI8Gkhqo2iF%252bz7TA%252birqKtb%252fQ%252bg3ltk2o5iXvUaVFr%252bvIcNaPVWBsy3uI1eTDw50clzTzrAblCVq1eJaRWxBzI0Od%252bYV9NF8kGhaTk4AeEMGM3PD%252fR3ECWDw%253d%253d
AB10 1SY,https://www.gassaferegister.co.uk/FindBusinessResults?ep=1xPOGK1AdTeDy4hfLti5Px9jDYzQ%252b%252fPSiE5a8obgYQ8BGuq%252bVgP%252bqOHWAXqsqJC4eFqD9b3lWr8ul%252f4D2sF6fMVYTeA9HfgUpvvfcX4k8YQWrN%252fgf8OlE5iR%252fJ3sNnc9%252f8IJSGYlSCouwrkVK4jF7g%253d%253d
AB10 1WS,https://www.gassaferegister.co.uk/FindBusinessResults?ep=1xPOGK1AdTeDy4hfLti5PxvRif2TTGR%252bskRgVpWq1FBY9HeW%252fq4Ef4GhQZl0OYYU5JaOUZTzYTu8NE%252fnFi7xtuda99ppFFNEnzQ%252bjj%252bsbEt0WO2uro31NQjRdYuKrUvz1DDKiX73ooyKr0VZ2m7KoQ%253d%253d
AB10 1XB,https://www.gassaferegister.co.uk/FindBusinessResults?ep=1xPOGK1AdTeDy4hfLti5P182wOnyyiO1zLnd82XpVJu4pWYYNsK40MIpbVyNkLGcP7vaySuDSnonH58vcY3r6V65tnct9bEn0l3gjmAZ6fTMK4DNgQHyxaQLLzfn1aEwPUK8p0M1ID%252fqArNXH3ZyMg%253d%253d
AB21 9HQ,https://www.gassaferegister.co.uk/FindBusinessResults?ep=1xPOGK1AdTeDy4hfLti5P9zP0djt8E2C%252bEGlaOc9a%252fiBHF7uRqVFw7N1YkkMPf88HB6IBhTUgZ7H3IWYkTwiA5DU3zOs0tnQkEGj3XHsKQHZ3rzIFMWZnIaTPmASS4PMjeIIWJs6CBPHefJBMR5rkg%253d%253d
AB22 8UN,https://www.gassaferegister.co.uk/FindBusinessResults?ep=1xPOGK1AdTeDy4hfLti5P31dRK30JcRDAw3dfI5QFmALq37QZkB0JqUWA2boQgRmIkkRQt4bC1EGm7AIi6G7OULvkGJgFL2uehlfvaoEcqQrgAS05nmttyDatm17wkyakX7dqir5MBmGABnaqWu01Q%253d%253d
,https://www.gassaferegister.co.uk/FindBusinessResults?ep=1xPOGK1AdTeDy4hfLti5P%252f2AsQEd6ACh4MBhpA5oPekUa24%252brUtpQcEYpFybqVHiqWR3BnbCu4dpeChJoIbGooCfXuDi%252bgNxGirNbclbYthyaltms1F%252bO%252fEWeQwGtr4TeI4dpW%252fGME%252fGbd3ivyc%252bTA%253d%253d
